{
  "id": "3698891",
  "name": "拼多多",
  "font_family": "iconfont",
  "css_prefix_text": "icon-",
  "description": "",
  "glyphs": [
    {
      "icon_id": "1288598",
      "name": "返回键",
      "font_class": "fanhuijian",
      "unicode": "e602",
      "unicode_decimal": 58882
    },
    {
      "icon_id": "5388071",
      "name": "眼睛_隐藏_o",
      "font_class": "yanjing_yincang_o",
      "unicode": "ebcd",
      "unicode_decimal": 60365
    },
    {
      "icon_id": "5387848",
      "name": "指南针_o",
      "font_class": "zhinanzhen_o",
      "unicode": "eb70",
      "unicode_decimal": 60272
    },
    {
      "icon_id": "5387410",
      "name": "管理员认证",
      "font_class": "guanliyuanrenzheng",
      "unicode": "eacc",
      "unicode_decimal": 60108
    },
    {
      "icon_id": "1036",
      "name": "医药箱",
      "font_class": "yiyaoxiang",
      "unicode": "e600",
      "unicode_decimal": 58880
    },
    {
      "icon_id": "845797",
      "name": "银行卡",
      "font_class": "yinxingqia",
      "unicode": "e653",
      "unicode_decimal": 58963
    },
    {
      "icon_id": "1212304",
      "name": "红包",
      "font_class": "hongbao",
      "unicode": "e671",
      "unicode_decimal": 58993
    },
    {
      "icon_id": "2076303",
      "name": " 日历",
      "font_class": "rili",
      "unicode": "e89e",
      "unicode_decimal": 59550
    },
    {
      "icon_id": "109713",
      "name": "垃圾桶",
      "font_class": "del",
      "unicode": "e616",
      "unicode_decimal": 58902
    },
    {
      "icon_id": "1269233",
      "name": "时钟",
      "font_class": "shizhong",
      "unicode": "e670",
      "unicode_decimal": 58992
    },
    {
      "icon_id": "5388069",
      "name": "眼睛_显示_o",
      "font_class": "yanjing_xianshi_o",
      "unicode": "ebcc",
      "unicode_decimal": 60364
    },
    {
      "icon_id": "6119218",
      "name": "下-三角",
      "font_class": "below-s",
      "unicode": "e627",
      "unicode_decimal": 58919
    },
    {
      "icon_id": "2675116",
      "name": "搜索",
      "font_class": "sousuo",
      "unicode": "e632",
      "unicode_decimal": 58930
    },
    {
      "icon_id": "5387904",
      "name": "相机_o",
      "font_class": "xiangji_o",
      "unicode": "eb86",
      "unicode_decimal": 60294
    },
    {
      "icon_id": "933677",
      "name": "秒杀",
      "font_class": "miaosha",
      "unicode": "e623",
      "unicode_decimal": 58915
    },
    {
      "icon_id": "3456454",
      "name": "品牌特卖",
      "font_class": "pinpaitemai",
      "unicode": "e70d",
      "unicode_decimal": 59149
    },
    {
      "icon_id": "7497009",
      "name": "品牌清仓",
      "font_class": "pinpaiqingcang",
      "unicode": "e65e",
      "unicode_decimal": 58974
    },
    {
      "icon_id": "7553183",
      "name": "清仓计划",
      "font_class": "RectangleCopy",
      "unicode": "e6da",
      "unicode_decimal": 59098
    },
    {
      "icon_id": "13625161",
      "name": "果园",
      "font_class": "guoyuan",
      "unicode": "e60d",
      "unicode_decimal": 58893
    },
    {
      "icon_id": "454695",
      "name": "直播",
      "font_class": "02",
      "unicode": "e605",
      "unicode_decimal": 58885
    },
    {
      "icon_id": "797082",
      "name": "对话",
      "font_class": "duihua",
      "unicode": "e659",
      "unicode_decimal": 58969
    },
    {
      "icon_id": "11372774",
      "name": "首页",
      "font_class": "shouye",
      "unicode": "e8c6",
      "unicode_decimal": 59590
    },
    {
      "icon_id": "18166723",
      "name": "拼多多",
      "font_class": "pinduoduo",
      "unicode": "e8df",
      "unicode_decimal": 59615
    },
    {
      "icon_id": "22630259",
      "name": "个人中心",
      "font_class": "gerenzhongxin",
      "unicode": "e626",
      "unicode_decimal": 58918
    }
  ]
}
